{
  "eval_loss": 0.14970465004444122,
  "eval_accuracy": 0.974,
  "eval_f1": 0.9765342960288809,
  "eval_precision": 0.9836363636363636,
  "eval_recall": 0.9695340501792115,
  "eval_runtime": 1.482,
  "eval_samples_per_second": 674.785,
  "eval_steps_per_second": 84.348,
  "epoch": 5.0
}
